task,model_size,wiki_size (tokens),ft_seen_avg,ft_seen_std,ft_unseen_avg,ft_unseen_std,ft_diff_avg (expl),ft_diff_std,mlm_seen,mlm_unseen,mlm_diff (mem)
SNLI,base,6.00E+07,48.48,1.708098358,46.66,1.427725464,1.82,1.89620674,58,44,14
SNLI,base,1.50E+08,49.92,1.698116604,48.65,1.587608264,1.27,1.219877043,59.2,48.1,11.1
SNLI,base,3.00E+08,54.25,1.951025371,54.53,2.499619971,-0.28,1.831283703,59.5,49.3,10.2
SNLI,base,4.50E+08,57.75,2.444688119,57.17,1.601905116,0.58,1.794324385,60.6,52.5,8.1
SNLI,base,6.00E+08,59.43,1.255428214,58.16,1.195156893,1.27,0.912195155,58.8,53.1,5.7
SNLI,large,1.50E+08,47.18,1.168588893,47.58,1.284367549,-0.4,1.326649916,61.8,46.9,14.9
SNLI,large,3.00E+08,51.42,2.186686992,49.61,1.938788281,1.81,0.887073841,65.8,50.9,14.9
SNLI,large,4.50E+08,56.95,2.208732668,55.53,1.993514485,1.42,1.299076595,65.5,52.2,13.3
SNLI,large,6.00E+08,61.09,2.524064183,59.05,2.661672407,2.04,1.022936948,69.7,57.8,11.9
