task,model_size,wiki_size (tokens),ft_seen_avg,ft_seen_std,ft_unseen_avg,ft_unseen_std,ft_diff_avg (expl),ft_diff_std,mlm_seen,mlm_unseen,mlm_diff (mem)
SST-2,base,6.00E+07,77.04,1.407266855,72.26,0.313687743,4.78,1.407693148,83,70.7,12.3
SST-2,base,1.50E+08,78.92,1.999899997,74.78,1.379710114,4.14,1.486741403,86.7,72.5,14.2
SST-2,base,3.00E+08,76.36,1.606984754,75.96,1.973423421,0.4,1.254591567,85.4,73.2,12.2
SST-2,base,4.50E+08,76.62,2.734520068,75.17,2.486382915,1.45,1.022985826,85.1,76,9.1
SST-2,base,6.00E+08,77.02,2.100380918,76.5,1.663730747,0.52,1.394847662,83,75.7,7.3
SST-2,large,1.50E+08,73.49,2.444769928,70.49,3.214482851,3,1.291510743,82.5,69.7,12.8
SST-2,large,3.00E+08,75.48,1.635726138,73.5,1.080740487,1.98,1.348183964,87.4,74.6,12.8
SST-2,large,4.50E+08,76.08,3.55578402,73.76,3.757445941,2.32,1.380434714,86.4,75.8,10.6
SST-2,large,6.00E+08,76.89,1.952152658,73.85,1.93765322,3.04,1.486068639,87,75,12
