task,model_size,wiki_size (tokens),ft_seen_avg,ft_seen_std,ft_unseen_avg,ft_unseen_std,ft_diff_avg (expl),ft_diff_std,mlm_seen,mlm_unseen,mlm_diff (mem)
SST-5,base,6.00E+07,38.09,1.197038011,34.07,2.495616156,4.02,1.969670023,50.7,34.4,16.3
SST-5,base,1.50E+08,36.43,1.483947438,34.18,2.01385203,2.25,1.656653253,50.3,35.5,14.8
SST-5,base,3.00E+08,37.65,1.65,35.57,2.189543331,2.08,1.268700122,54.4,36.3,18.1
SST-5,base,4.50E+08,38.17,1.856367421,35.76,2.01801883,2.41,1.427900557,50.5,37.6,12.9
SST-5,base,6.00E+08,38.09,1.933106309,37.05,2.300978053,1.04,1.356613431,51.7,36.4,15.3
SST-5,large,1.50E+08,34.35,1.479357969,33.76,1.772117378,0.59,1.656773974,55.7,35,20.7
SST-5,large,3.00E+08,34.39,1.951127879,32.93,1.285340422,1.46,1.345511055,62.5,36,26.5
SST-5,large,4.50E+08,36.26,2.15740585,34.3,1.652271164,1.96,0.916733331,59.7,36.9,22.8
SST-5,large,6.00E+08,40.87,2.152695984,37.1,2.019900988,3.77,1.106390528,71.4,38.7,32.7
