task,model_size,wiki_size (tokens),pretrain_batch_size,ft_seen_avg,ft_seen_std,ft_unseen_avg,ft_unseen_std,ft_diff_avg (expl),ft_diff_std,mlm_seen,mlm_unseen,mlm_diff (mem)
SST-5,base,6.00E+07,2,48.42,2.305992194,34.3,2.156385865,14.12,2.06581703,84.3,35.6,48.7
SST-5,base,6.00E+07,4,51.73,2.232061827,34.29,2.436985843,17.44,1.335065541,79,36.6,42.4
SST-5,base,6.00E+07,8,46.98,1.73597235,34.07,1.981943491,12.91,2.070483035,70.4,36.1,34.3
SST-5,base,6.00E+07,16,43.1,1.493318452,33.24,1.274519517,9.86,1.535057002,60,35.4,24.6
SST-5,base,6.00E+07,32,37.58,1.731357849,33.84,2.124241041,3.74,1.471869559,50.6,33.2,17.4
SST-5,base,6.00E+07,64,34.31,2.010696397,33.08,2.172924297,1.23,1.51726728,43.9,35.8,8.1
