task,model_size,wiki_size (tokens),sst5_copies,ft_seen_avg,ft_seen_std,ft_unseen_avg,ft_unseen_std,ft_diff_avg (expl),ft_diff_std,mlm_seen,mlm_unseen,mlm_diff (mem)
SST-5,base,6.00E+07,10,29.81,2.968652893,31.38,3.209922117,-1.57,1.257020286,29.9,29.5,0.4
SST-5,base,6.00E+07,50,31.37,2.013976167,31.51,2.292793057,-0.14,1.25952372,37.1,33.1,4
SST-5,base,6.00E+07,100,37.58,1.731357849,33.84,2.124241041,3.74,1.471869559,50.6,33.2,17.4
SST-5,base,6.00E+07,150,46.6,1.458080931,32.33,2.151766716,14.27,2.128403157,68.3,36.9,31.4
SST-5,base,6.00E+07,200,66.46,2.81005338,30.42,1.446236495,36.04,3.436335257,93.3,35.3,58
