task,model_size,wiki_size (tokens),mask_probability,ft_seen_avg,ft_seen_std,ft_unseen_avg,ft_unseen_std,ft_diff_avg (expl),ft_diff_std,mlm_seen,mlm_unseen,mlm_diff (mem)
SST-5,base,6.00E+07,1,97.05,3.504354434,31.09,1.698499338,65.96,3.044076215,100,31,69
SST-5,base,6.00E+07,0.5,90.71,2.294101131,31.42,1.339253523,59.29,2.120589541,100,34.4,65.6
SST-5,base,6.00E+07,0.25,51.16,2.898689359,34.48,1.46273716,16.68,2.686186889,76,38.1,37.9
SST-5,base,6.00E+07,0.15,38.08,1.197038011,34.07,2.495616156,4.02,1.969670023,50.9,37.2,13.7
