task,model_size,sst_copies,sst_size (instances),wiki_size (lines),total_corpus_size (lines),ft_seen_avg,ft_seen_std,ft_unseen_avg,ft_unseen_std,ft_diff_avg (expl),ft_diff_std,mlm_seen,mlm_unseen,mlm_diff (mem)
SST-5,base,25,50000,450000,500000,30.32,2.160925728,30.92,2.606069838,-0.6,0.91760558,29.3,28.6,0.7
SST-5,base,50,100000,900000,1000000,31.45,2.332487942,33.3,2.485558287,-1.85,1.257974563,37.1,31.6,5.5
SST-5,base,75,150000,1350000,1500000,34.82,1.834011996,33.72,2.259557479,1.1,1.576705426,45.4,33.6,11.8
SST-5,base,100,200000,1800000,2000000,37.77,1.771468318,34.13,2.125111762,3.64,1.630460058,52,36.7,15.3
SST-5,base,125,250000,2250000,2500000,42.44,2.042155724,35.38,1.24080619,7.06,1.49879952,64.4,37.2,27.2
SST-5,base,150,300000,2700000,3000000,42.36,1.172348071,34.39,2.289737976,7.97,2.276861875,69.6,38.6,31
